ubuntu@ip-10-2-10-36:~$ mysql -u admin -psample123 -h secondary-rds-uda-db.cppx3maz3kr0.us-west-2.rds.amazonaws.com
mysql: [Warning] Using a password on the command line interface can be insecure.
Welcome to the MySQL monitor.  Commands end with ; or \g.
Your MySQL connection id is 51
Server version: 8.0.32 Source distribution

Copyright (c) 2000, 2023, Oracle and/or its affiliates.

Oracle is a registered trademark of Oracle Corporation and/or its
affiliates. Other names may be trademarks of their respective
owners.

Type 'help;' or '\h' for help. Type '\c' to clear the current input statement.

mysql> USE udacity
Reading table information for completion of table and column names
You can turn off this feature to get a quicker startup with -A

Database changed
mysql> SELECT * from pet;
+------+---------+---------+------+-------+-------+
| name | owner   | species | sex  | birth | death |
+------+---------+---------+------+-------+-------+
| fido | charlie | cocker  | m    | NULL  | NULL  |
+------+---------+---------+------+-------+-------+
1 row in set (0.01 sec)

mysql> INSERT INTO pet (name, owner, species, sex) VALUES('duke', 'Fred', 'boxer', 'f');
Query OK, 1 row affected (0.01 sec)

mysql> SELECT * from pet;
+------+---------+---------+------+-------+-------+
| name | owner   | species | sex  | birth | death |
+------+---------+---------+------+-------+-------+
| fido | charlie | cocker  | m    | NULL  | NULL  |
| duke | Fred    | boxer   | f    | NULL  | NULL  |
+------+---------+---------+------+-------+-------+
2 rows in set (0.00 sec)

mysql> 

